{"cameraMode":{"drawMode":0,"name":"Shaded","section":"Shading Mode"},"sceneLighting":false,"audioPlay":false,"sceneViewState":{"showFog":true,"showMaterialUpdate":true,"showSkybox":false,"showFlares":true,"showImageEffects":true,"showParticleSystems":true},"in2DMode":false,"pivot":{"x":1.0299999713897706,"y":0.25999999046325686,"z":0.75},"rotation":{"x":-0.011582105420529843,"y":-0.14321410655975343,"z":0.0017173741944134236,"w":-0.9897732734680176},"size":0.7144709229469299,"orthographic":false}