{"cameraMode":{"drawMode":0,"name":"Shaded","section":"Shading Mode"},"sceneLighting":false,"audioPlay":false,"sceneViewState":{"showFog":true,"showMaterialUpdate":true,"showSkybox":false,"showFlares":true,"showImageEffects":true,"showParticleSystems":true},"in2DMode":false,"pivot":{"x":0.23566317558288575,"y":-1.1165910959243775,"z":7.302816867828369},"rotation":{"x":0.08730973303318024,"y":-0.01527407206594944,"z":-0.0018539668526500464,"w":0.9968898892402649},"size":9.550065994262696,"orthographic":false}