{"cameraMode":{"drawMode":0,"name":"Shaded","section":"Shading Mode"},"sceneLighting":false,"audioPlay":false,"sceneViewState":{"showFog":true,"showMaterialUpdate":true,"showSkybox":false,"showFlares":true,"showImageEffects":true,"showParticleSystems":true},"in2DMode":false,"pivot":{"x":0.9399999976158142,"y":5.3347086906433109,"z":-1.800990104675293},"rotation":{"x":-0.2044747918844223,"y":0.11338767409324646,"z":-0.023804446682333947,"w":-0.9721418619155884},"size":0.714471161365509,"orthographic":false}