{"cameraMode":{"drawMode":0,"name":"Shaded","section":"Shading Mode"},"sceneLighting":false,"audioPlay":false,"sceneViewState":{"showFog":true,"showMaterialUpdate":true,"showSkybox":false,"showFlares":true,"showImageEffects":true,"showParticleSystems":true},"in2DMode":false,"pivot":{"x":-8.683052062988282,"y":-23.913480758666993,"z":60.24116897583008},"rotation":{"x":-0.2044747918844223,"y":0.11338767409324646,"z":-0.023804446682333947,"w":-0.9721418619155884},"size":79.52891540527344,"orthographic":false}