{"cameraMode":{"drawMode":0,"name":"Shaded","section":"Shading Mode"},"sceneLighting":false,"audioPlay":false,"sceneViewState":{"showFog":true,"showMaterialUpdate":true,"showSkybox":false,"showFlares":true,"showImageEffects":true,"showParticleSystems":true},"in2DMode":false,"pivot":{"x":51.62752151489258,"y":-4.5797119140625,"z":0.27138805389404299},"rotation":{"x":-0.056546371430158618,"y":0.051726389676332477,"z":-0.0009392813080921769,"w":0.9982278347015381},"size":2.8578836917877199,"orthographic":false}