{"cameraMode":{"drawMode":0,"name":"Shaded","section":"Shading Mode"},"sceneLighting":false,"audioPlay":false,"sceneViewState":{"showFog":true,"showMaterialUpdate":true,"showSkybox":false,"showFlares":true,"showImageEffects":true,"showParticleSystems":true},"in2DMode":false,"pivot":{"x":131.69493103027345,"y":103.48680114746094,"z":-19.87548828125},"rotation":{"x":0.09854605793952942,"y":0.00806922186166048,"z":0.0007203202112577856,"w":-0.9952680468559265},"size":22.0,"orthographic":false}