{"cameraMode":{"drawMode":0,"name":"Shaded","section":"Shading Mode"},"sceneLighting":true,"audioPlay":false,"sceneViewState":{"showFog":true,"showMaterialUpdate":true,"showSkybox":true,"showFlares":true,"showImageEffects":true,"showParticleSystems":true},"in2DMode":false,"pivot":{"x":109.20176696777344,"y":32.08833312988281,"z":-34.120887756347659},"rotation":{"x":-0.08250240236520767,"y":-0.01195902843028307,"z":0.004697687923908234,"w":-0.9981063008308411},"size":30.253320693969728,"orthographic":false}