{"cameraMode":{"drawMode":0,"name":"Shaded","section":"Shading Mode"},"sceneLighting":false,"audioPlay":false,"sceneViewState":{"showFog":true,"showMaterialUpdate":true,"showSkybox":false,"showFlares":true,"showImageEffects":true,"showParticleSystems":true},"in2DMode":false,"pivot":{"x":-1.5578097105026246,"y":0.29238179326057436,"z":2.6032793521881105},"rotation":{"x":-0.28774502873420718,"y":0.1222849190235138,"z":-0.037040457129478458,"w":-0.9492999911308289},"size":29.378446578979493,"orthographic":false}