{"cameraMode":{"drawMode":0,"name":"Shaded","section":"Shading Mode"},"sceneLighting":false,"audioPlay":false,"sceneViewState":{"showFog":true,"showMaterialUpdate":true,"showSkybox":false,"showFlares":true,"showImageEffects":true,"showParticleSystems":true},"in2DMode":false,"pivot":{"x":0.9399999976158142,"y":5.3347086906433109,"z":-1.800990104675293},"rotation":{"x":-0.311273992061615,"y":-0.04218128323554993,"z":0.013824546709656716,"w":-0.949440062046051},"size":2.5144710540771486,"orthographic":false}