{"cameraMode":{"drawMode":0,"name":"Shaded","section":"Shading Mode"},"sceneLighting":false,"audioPlay":false,"sceneViewState":{"showFog":true,"showMaterialUpdate":true,"showSkybox":false,"showFlares":true,"showImageEffects":true,"showParticleSystems":true},"in2DMode":false,"pivot":{"x":-0.0921226292848587,"y":0.40956035256385805,"z":-1.025686264038086},"rotation":{"x":-0.07822615653276444,"y":-0.01734139211475849,"z":0.0014087273739278317,"w":-0.996931254863739},"size":0.7144709229469299,"orthographic":false}