{"cameraMode":{"drawMode":0,"name":"Shaded","section":"Shading Mode"},"sceneLighting":false,"audioPlay":false,"sceneViewState":{"showFog":true,"showMaterialUpdate":true,"showSkybox":false,"showFlares":true,"showImageEffects":true,"showParticleSystems":true},"in2DMode":false,"pivot":{"x":-0.5740203261375427,"y":-0.6299216151237488,"z":7.082826614379883},"rotation":{"x":0.06185215339064598,"y":-0.010724577121436596,"z":-0.002475955057889223,"w":0.9988492131233215},"size":9.550065994262696,"orthographic":false}