{"cameraMode":{"drawMode":0,"name":"Shaded","section":"Shading Mode"},"sceneLighting":false,"audioPlay":false,"sceneViewState":{"showFog":true,"showMaterialUpdate":true,"showSkybox":false,"showFlares":true,"showImageEffects":true,"showParticleSystems":true},"in2DMode":false,"pivot":{"x":0.13288789987564088,"y":1.0928378105163575,"z":2.2830801010131838},"rotation":{"x":0.04104180634021759,"y":0.030392184853553773,"z":-0.004447107668966055,"w":1.0000085830688477},"size":4.041658401489258,"orthographic":false}