{"cameraMode":{"drawMode":0,"name":"Shaded","section":"Shading Mode"},"sceneLighting":false,"audioPlay":false,"sceneViewState":{"showFog":true,"showMaterialUpdate":true,"showSkybox":false,"showFlares":true,"showImageEffects":true,"showParticleSystems":true},"in2DMode":false,"pivot":{"x":-0.36994677782058718,"y":-4.303109645843506,"z":17.5548038482666},"rotation":{"x":0.1279301643371582,"y":-0.007269805297255516,"z":-0.00201044580899179,"w":0.9929524660110474},"size":31.225217819213868,"orthographic":false}