{"cameraMode":{"drawMode":0,"name":"Shaded","section":"Shading Mode"},"sceneLighting":false,"audioPlay":false,"sceneViewState":{"showFog":true,"showMaterialUpdate":true,"showSkybox":false,"showFlares":true,"showImageEffects":true,"showParticleSystems":true},"in2DMode":false,"pivot":{"x":-2.5174760818481447,"y":0.4565030038356781,"z":6.3504462242126469},"rotation":{"x":0.004084426444023848,"y":-0.28143584728240969,"z":-0.0021533151157200338,"w":0.9604247808456421},"size":9.550065994262696,"orthographic":false}