{"cameraMode":{"drawMode":0,"name":"Shaded","section":"Shading Mode"},"sceneLighting":false,"audioPlay":false,"sceneViewState":{"showFog":true,"showMaterialUpdate":true,"showSkybox":false,"showFlares":true,"showImageEffects":true,"showParticleSystems":true},"in2DMode":false,"pivot":{"x":0.0,"y":0.9327676296234131,"z":-0.0015000104904174805},"rotation":{"x":-0.16573938727378846,"y":-0.019851064309477807,"z":0.003167253453284502,"w":-0.9861462712287903},"size":4.226689338684082,"orthographic":false}