{"cameraMode":{"drawMode":0,"name":"Shaded","section":"Shading Mode"},"sceneLighting":true,"audioPlay":false,"sceneViewState":{"showFog":true,"showMaterialUpdate":true,"showSkybox":true,"showFlares":true,"showImageEffects":true,"showParticleSystems":true},"in2DMode":false,"pivot":{"x":57.34922409057617,"y":31.118494033813478,"z":-30.23317527770996},"rotation":{"x":-0.0036919869016855957,"y":-0.07145798951387406,"z":-0.002936548786237836,"w":0.9986866116523743},"size":8.992286682128907,"orthographic":false}