{"cameraMode":{"drawMode":0,"name":"Shaded","section":"Shading Mode"},"sceneLighting":false,"audioPlay":false,"sceneViewState":{"showFog":true,"showMaterialUpdate":true,"showSkybox":false,"showFlares":true,"showImageEffects":true,"showParticleSystems":true},"in2DMode":false,"pivot":{"x":241.2119903564453,"y":131.0269775390625,"z":0.8881168365478516},"rotation":{"x":-0.08115357905626297,"y":0.06887958198785782,"z":-0.0012961819302290679,"w":-0.9958525896072388},"size":53.293373107910159,"orthographic":false}