{"cameraMode":{"drawMode":0,"name":"Shaded","section":"Shading Mode"},"sceneLighting":false,"audioPlay":false,"sceneViewState":{"showFog":true,"showMaterialUpdate":true,"showSkybox":false,"showFlares":true,"showImageEffects":true,"showParticleSystems":true},"in2DMode":false,"pivot":{"x":28.397661209106447,"y":1.0091696977615357,"z":0.1252993792295456},"rotation":{"x":0.037971459329128268,"y":-0.18964171409606934,"z":0.002966134110465646,"w":0.9822157025337219},"size":5.912436008453369,"orthographic":false}