{"cameraMode":{"drawMode":0,"name":"Shaded","section":"Shading Mode"},"sceneLighting":false,"audioPlay":false,"sceneViewState":{"showFog":true,"showMaterialUpdate":true,"showSkybox":false,"showFlares":true,"showImageEffects":true,"showParticleSystems":true},"in2DMode":false,"pivot":{"x":67.27616882324219,"y":-0.4799995422363281,"z":0.0},"rotation":{"x":-0.031225424259901048,"y":-0.1858920156955719,"z":-0.009359403513371945,"w":0.9833369851112366},"size":2.8578836917877199,"orthographic":false}