{"cameraMode":{"drawMode":0,"name":"Shaded","section":"Shading Mode"},"sceneLighting":true,"audioPlay":false,"sceneViewState":{"showFog":true,"showMaterialUpdate":true,"showSkybox":true,"showFlares":true,"showImageEffects":true,"showParticleSystems":true},"in2DMode":false,"pivot":{"x":68.4963607788086,"y":31.638824462890626,"z":-24.873504638671876},"rotation":{"x":-0.0322280079126358,"y":-0.3377736508846283,"z":-0.015070297755300999,"w":0.9418963193893433},"size":30.2198486328125,"orthographic":false}