{"cameraMode":{"drawMode":0,"name":"Shaded","section":"Shading Mode"},"sceneLighting":false,"audioPlay":false,"sceneViewState":{"showFog":true,"showMaterialUpdate":true,"showSkybox":false,"showFlares":true,"showImageEffects":true,"showParticleSystems":true},"in2DMode":false,"pivot":{"x":0.3806816339492798,"y":1.8022868633270264,"z":1.789440631866455},"rotation":{"x":0.03167850151658058,"y":0.0388534776866436,"z":-0.004565167706459761,"w":0.999560534954071},"size":7.926523208618164,"orthographic":false}