{"cameraMode":{"drawMode":0,"name":"Shaded","section":"Shading Mode"},"sceneLighting":false,"audioPlay":false,"sceneViewState":{"showFog":true,"showMaterialUpdate":true,"showSkybox":false,"showFlares":true,"showImageEffects":true,"showParticleSystems":true},"in2DMode":false,"pivot":{"x":-0.7572720050811768,"y":0.42571887373924258,"z":-0.12317588925361633},"rotation":{"x":-0.005629901308566332,"y":0.99806147813797,"z":-0.06134331226348877,"w":-0.05108369141817093},"size":2.0995795726776125,"orthographic":false}