{"cameraMode":{"drawMode":0,"name":"Shaded","section":"Shading Mode"},"sceneLighting":false,"audioPlay":false,"sceneViewState":{"showFog":true,"showMaterialUpdate":true,"showSkybox":false,"showFlares":true,"showImageEffects":true,"showParticleSystems":true},"in2DMode":false,"pivot":{"x":0.6873258948326111,"y":-0.20238864421844483,"z":1.5505679845809937},"rotation":{"x":0.04510490596294403,"y":0.05077345669269562,"z":-0.005631645210087299,"w":0.9985039234161377},"size":3.8210864067077638,"orthographic":false}