{"cameraMode":{"drawMode":0,"name":"Shaded","section":"Shading Mode"},"sceneLighting":false,"audioPlay":false,"sceneViewState":{"showFog":true,"showMaterialUpdate":true,"showSkybox":false,"showFlares":true,"showImageEffects":true,"showParticleSystems":true},"in2DMode":false,"pivot":{"x":246.29666137695313,"y":95.43162536621094,"z":-4.767921447753906},"rotation":{"x":0.2054753303527832,"y":0.009641512297093869,"z":-0.006249880418181419,"w":0.9800127148628235},"size":62.188255310058597,"orthographic":false}