{"cameraMode":{"drawMode":0,"name":"Shaded","section":"Shading Mode"},"sceneLighting":false,"audioPlay":false,"sceneViewState":{"showFog":true,"showMaterialUpdate":true,"showSkybox":false,"showFlares":true,"showImageEffects":true,"showParticleSystems":true},"in2DMode":false,"pivot":{"x":52.27157974243164,"y":2.561112880706787,"z":-0.17763519287109376},"rotation":{"x":0.20198926329612733,"y":-0.013298112899065018,"z":-0.0003302045806776732,"w":0.9805635809898377},"size":26.87565803527832,"orthographic":false}