{"cameraMode":{"drawMode":0,"name":"Shaded","section":"Shading Mode"},"sceneLighting":true,"audioPlay":false,"sceneViewState":{"showFog":true,"showMaterialUpdate":true,"showSkybox":true,"showFlares":true,"showImageEffects":true,"showParticleSystems":true},"in2DMode":false,"pivot":{"x":196.61412048339845,"y":23.518651962280275,"z":-24.17265510559082},"rotation":{"x":-0.02041279710829258,"y":0.000621071842033416,"z":-0.002925003180280328,"w":1.0010305643081666},"size":8.291147232055664,"orthographic":false}