{"cameraMode":{"drawMode":0,"name":"Shaded","section":"Shading Mode"},"sceneLighting":false,"audioPlay":false,"sceneViewState":{"showFog":true,"showMaterialUpdate":true,"showSkybox":false,"showFlares":true,"showImageEffects":true,"showParticleSystems":true},"in2DMode":false,"pivot":{"x":1.0072635412216187,"y":5.468474864959717,"z":-2.0110483169555666},"rotation":{"x":-0.05126122757792473,"y":-0.033848393708467486,"z":0.0017843771493062378,"w":-0.9982569813728333},"size":0.714471161365509,"orthographic":false}