{"cameraMode":{"drawMode":0,"name":"Shaded","section":"Shading Mode"},"sceneLighting":true,"audioPlay":false,"sceneViewState":{"showFog":true,"showMaterialUpdate":true,"showSkybox":true,"showFlares":true,"showImageEffects":true,"showParticleSystems":true},"in2DMode":false,"pivot":{"x":154.81472778320313,"y":23.626441955566408,"z":-21.245630264282228},"rotation":{"x":-0.015622088685631752,"y":-0.0016839213203638793,"z":0.004259639419615269,"w":-1.0009251832962037},"size":23.82620620727539,"orthographic":false}