{"cameraMode":{"drawMode":0,"name":"Shaded","section":"Shading Mode"},"sceneLighting":false,"audioPlay":false,"sceneViewState":{"showFog":true,"showMaterialUpdate":true,"showSkybox":false,"showFlares":true,"showImageEffects":true,"showParticleSystems":true},"in2DMode":false,"pivot":{"x":-0.3370607793331146,"y":-0.5042745471000671,"z":1.3626548051834107},"rotation":{"x":0.015147460624575615,"y":-0.045997537672519687,"z":-0.0021969338413327934,"w":1.000089406967163},"size":2.419863700866699,"orthographic":false}