{"cameraMode":{"drawMode":0,"name":"Shaded","section":"Shading Mode"},"sceneLighting":true,"audioPlay":false,"sceneViewState":{"showFog":true,"showMaterialUpdate":true,"showSkybox":true,"showFlares":true,"showImageEffects":true,"showParticleSystems":true},"in2DMode":false,"pivot":{"x":219.19419860839845,"y":24.302953720092775,"z":-25.83077621459961},"rotation":{"x":0.033698417246341708,"y":-0.0190588291734457,"z":-0.0024707720149308445,"w":1.0004332065582276},"size":24.143766403198243,"orthographic":false}