{"cameraMode":{"drawMode":0,"name":"Shaded","section":"Shading Mode"},"sceneLighting":true,"audioPlay":false,"sceneViewState":{"showFog":true,"showMaterialUpdate":true,"showSkybox":true,"showFlares":true,"showImageEffects":true,"showParticleSystems":true},"in2DMode":false,"pivot":{"x":2.0952043533325197,"y":-1.0163249969482422,"z":-12.631370544433594},"rotation":{"x":0.08824899047613144,"y":-0.006188117899000645,"z":-0.004308206029236317,"w":0.9974697232246399},"size":22.0,"orthographic":false}