{"cameraMode":{"drawMode":0,"name":"Shaded","section":"Shading Mode"},"sceneLighting":false,"audioPlay":false,"sceneViewState":{"showFog":true,"showMaterialUpdate":true,"showSkybox":false,"showFlares":true,"showImageEffects":true,"showParticleSystems":true},"in2DMode":false,"pivot":{"x":-29.290475845336915,"y":-29.489595413208009,"z":48.68730926513672},"rotation":{"x":-0.23429875075817109,"y":0.26909139752388,"z":-0.06761521846055985,"w":-0.9318877458572388},"size":66.68987274169922,"orthographic":false}